{"cameraMode":{"drawMode":0,"name":"Shaded","section":"Shading Mode"},"sceneLighting":true,"audioPlay":false,"sceneViewState":{"m_AlwaysRefresh":false,"showFog":true,"showSkybox":true,"showFlares":true,"showImageEffects":true,"showParticleSystems":true,"showVisualEffectGraphs":true,"m_FxEnabled":true},"in2DMode":false,"pivot":{"x":11.819592475891114,"y":1.0789353847503663,"z":7.042464256286621},"rotation":{"x":-0.03703407198190689,"y":-0.7874568104743958,"z":-0.047541581094264987,"w":0.6134166717529297},"size":0.3162507712841034,"orthographic":false}